JobID|State|ExitCode|Elapsed|AllocCPUS|NodeList|MaxRSS
7651476|COMPLETED|0:0|00:01:35|2|a0319|
7651476.batch|COMPLETED|0:0|00:01:35|2|a0319|765552K
7651476.extern|COMPLETED|0:0|00:01:35|2|a0319|
7651483|COMPLETED|0:0|00:00:02|1|a0348|
7651483.batch|COMPLETED|0:0|00:00:02|1|a0348|13468K
7651483.extern|COMPLETED|0:0|00:00:02|1|a0348|
7651485_0|COMPLETED|0:0|00:06:56|3|a0102|
7651485_0.batch|COMPLETED|0:0|00:06:56|3|a0102|1293752K
7651485_0.extern|COMPLETED|0:0|00:06:56|3|a0102|
7651485_1|COMPLETED|0:0|00:06:48|3|a0113|
7651485_1.batch|COMPLETED|0:0|00:06:48|3|a0113|1293936K
7651485_1.extern|COMPLETED|0:0|00:06:48|3|a0113|
7651485_2|CANCELLED by 51204|0:0|00:04:08|3|a0113|
7651485_2.batch|CANCELLED|0:15|00:04:09|3|a0113|1107212K
7651485_2.extern|COMPLETED|0:0|00:04:10|3|a0113|
7651485_3|CANCELLED by 51204|0:0|00:04:04|3|a0102|
7651485_3.batch|CANCELLED|0:15|00:04:05|3|a0102|1109716K
7651485_3.extern|COMPLETED|0:0|00:04:06|3|a0102|
7651485_[4-11%2]|CANCELLED by 51204|0:0|00:00:00|0|None assigned|
7651509|CANCELLED by 51204|0:0|00:00:00|0|None assigned|
7651514|CANCELLED by 51204|0:0|00:00:00|0|None assigned|
